{"$schema": "https://opendataschema.frama.io/catalog/schema-catalog.json", "version": 1, "schemas": [{"name": "etalab/schema-irve", "title": "Schéma IRVE", "description": "Spécification du fichier d'échange relatif aux données concernant la localisation géographique et les caractéristiques techniques des stations et des points de recharge pour véhicules électriques", "schema_url": "https://schema.data.gouv.fr/schemas/etalab/schema-irve/latest/schema.json"}, {"name": "etalab/schema-decp-dpa", "title": "Spécification du fichier de déclaration de profil d'acheteur", "description": "Spécification du fichier de déclaration de profil d'acheteur", "schema_url": "https://schema.data.gouv.fr/schemas/etalab/schema-decp-dpa/latest/schema.json"}, {"name": "scdl/adresses", "title": "Base adresse locale", "description": "Spécification du modèle de données relatif aux adresses locales d’une collectivité (BAL)", "schema_url": "https://schema.data.gouv.fr/schemas/scdl/adresses/latest/schema.json"}, {"name": "scdl/catalogue", "title": "Catalogue simplifié", "description": "Spécification du modèle de données relatif au catalogue des jeux de données publiés en open data par une collectivité", "schema_url": "https://schema.data.gouv.fr/schemas/scdl/catalogue/latest/schema.json"}, {"name": "scdl/deliberations", "title": "Schéma SCDL Délibérations", "description": "Schéma validant le format relatif aux délibérations du SCDL (Socle Commun des Données Locales).", "schema_url": "https://schema.data.gouv.fr/schemas/scdl/deliberations/latest/schema.json"}, {"name": "scdl/equipements", "title": "Equipements", "description": "Spécification du modèle de données relatif aux équipements collectifs publics d'une collectivité.", "schema_url": "https://schema.data.gouv.fr/schemas/scdl/equipements/latest/schema.json"}, {"name": "scdl/subventions", "title": "Schéma SCDL Subventions", "description": "Schéma validant le format relatif aux subventions du SCDL (Socle Commun des Données Locales).", "schema_url": "https://schema.data.gouv.fr/schemas/scdl/subventions/latest/schema.json"}, {"name": "etalab/schema-lieux-covoiturage", "title": "Lieux de covoiturage", "description": "Spécification des lieux permettant le covoiturage", "schema_url": "https://schema.data.gouv.fr/schemas/etalab/schema-lieux-covoiturage/latest/schema.json"}, {"name": "etalab/schema-stationnement", "title": "Lieux de stationnement", "description": "Spécification des lieux permettant le stationnement en parc", "schema_url": "https://schema.data.gouv.fr/schemas/etalab/schema-stationnement/latest/schema.json"}, {"name": "scdl/budget", "title": "Budget", "description": "Les données essentielles du budget permettent de décrire le contenu des étapes budgétaires des collectivités locales et des établissements publics. Il contient les articles et fonctions des cadres budgétaires et les montants financiers associés. Ce schéma décrit le détail de chaque champ. Pour chacun, nous fournissons également la regexp qui permet de contrôler le contenu du champ.", "schema_url": "https://schema.data.gouv.fr/schemas/scdl/budget/latest/schema.json"}, {"name": "arsante/schema-dae", "title": "DAE", "description": "Spécification du modèle de données relatif aux DAE", "schema_url": "https://schema.data.gouv.fr/schemas/arsante/schema-dae/latest/schema.json"}, {"name": "CharlesNepote/liste-prenoms-nouveaux-nes", "title": "Prénoms des nouveaux-nés", "description": "Spécification du modèle de données relatif aux prénoms des nouveaux-nés déclarés à l’état-civil.", "schema_url": "https://schema.data.gouv.fr/schemas/CharlesNepote/liste-prenoms-nouveaux-nes/latest/schema.json"}]}