{
    "$schema": "https://frictionlessdata.io/schemas/table-schema.json",
    "title": "Schéma SCDL Subventions",
    "author": "OpenDataFrance",
    "version": "1.1",
    "created": "2018-04-27",
    "description": "Schéma validant le format relatif aux subventions du SCDL (Socle Commun des Données Locales).",
    "homepage": "https://git.opendatafrance.net/scdl/subventions",
    "fields": [
        {
            "name": "nomAttribuant",
            "type": "string",
            "title": "Nom de l'attribuant",
            "description": "Nom officiel de l'organisme attribuant la subvention",
            "example": "Région Bretagne",
            "constraints": {
                "required": true
            }
        },
        {
            "name": "idAttribuant",
            "type": "string",
            "title": "Identification de l'attribuant",
            "description": "Identifiant du Système d'Identification du Répertoire des Etablissements (SIRET)",
            "example": "23350001600040",
            "constraints": {
                "required": true,
                "pattern": "^\\d{14}$"
            }
        },
        {
            "name": "dateConvention",
            "type": "date",
            "title": "Date de la convention de subvention",
            "description": "Date de la convention au format AAAA-MM-JJ (ISO 8601)",
            "example": "2017-06-27",
            "constraints": {
                "required": true
            }
        },
        {
            "name": "referenceDecision",
            "type": "string",
            "title": "Référence de la décision",
            "description": "Identifiant interne de l’acte matérialisant la décision d’attribution de la subvention",
            "example": "Z34507",
            "constraints": {
                "required": false
            }
        },
        {
            "name": "nomBeneficiaire",
            "type": "string",
            "title": "Nom du bénéficiaire",
            "description": "Nom officiel (raison sociale) du bénéficiaire de la subvention",
            "example": "Rodriguez SA",
            "constraints": {
                "required": true
            }
        },
        {
            "name": "idBeneficiaire",
            "type": "string",
            "title": "Identification du bénéficiaire",
            "description": "Identifiant du Système d'Identification du Répertoire des Etablissements (SIRET)",
            "example": "81223113200026",
            "constraints": {
                "required": true,
                "pattern": "^\\d{14}$"
            }
        },
        {
            "name": "objet",
            "type": "string",
            "title": "Objet de la subvention",
            "description": "Description de l'objet de la subvention",
            "example": "Aide à l'embauche",
            "constraints": {
                "required": true,
                "maxLength": 256
            }
        },
        {
            "name": "montant",
            "type": "number",
            "title": "Montant total de la subvention",
            "description": "Montant total de la subvention avant répartition entre les bénéficiaires",
            "example": "22000.80",
            "constraints": {
                "required": true
            }
        },
        {
            "name": "nature",
            "type": "string",
            "title": "Nature de la subvention",
            "description": "Liste de plusieurs choix possibles séparés par des point-virgules",
            "example": "aide en numéraire;aide en nature",
            "constraints": {
                "required": true,
                "enum": [
                    "aide en numéraire",
                    "aide en nature",
                    "aide en numéraire;aide en nature",
                    "aide en nature;aide en numéraire"
                ]
            }
        },
        {
            "name": "conditionsVersement",
            "type": "string",
            "title": "Conditions de versement de la subvention",
            "description": "Description des conditions de versement de la subvention. Valeur parmi 'unique', 'échelonné' ou texte libre.",
            "example": "",
            "constraints": {
                "required": true,
                "maxLength": 256
            }
        },
        {
            "name": "datesPeriodeVersement",
            "type": "string",
            "title": "Date ou période de versement",
            "description": "Si le versement est unique et que la date précise est connue, alors il s'agit d'une date au format AAAA-MM-JJ (ISO 8601). Si le versement est échelonné (ou que la date précise de versement unique est inconnue), alors il s'agit d'une période exprimée au format AAAA-MM-JJ/AAAA-MM-JJ (ISO 8601).",
            "example": "2017-12-14",
            "constraints": {
                "required": true,
                "pattern": "^[0-9]{4}\\-[0-9]{2}\\-[0-9]{2}(\\/[0-9]{4}\\-[0-9]{2}\\-[0-9]{2})?$"
            }
        },
        {
            "name": "idRAE",
            "type": "string",
            "title": "Numéro unique de référencement dans le Répertoire des Aides aux Entreprises",
            "description": "Numéro unique RAE communiqué par le service aides-entreprises.fr",
            "example": "12345",
            "constraints": {
                "required": false
            }
        },
        {
            "name": "notificationUE",
            "type": "boolean",
            "trueValues": [
                "oui"
            ],
            "falseValues": [
                "non"
            ],
            "title": "Aide d'Etat notifiée à la Commission européenne",
            "description": "Booléen : oui ou non",
            "example": "oui",
            "constraints": {
                "required": true
            }
        },
        {
            "name": "pourcentageSubvention",
            "type": "number",
            "title": "Pourcentage du montant total de la subvention attribuée au bénéficiaire",
            "description": "Pourcentage exprimé sous la forme d'un nombre avec un point comme séparateur de décimales",
            "example": "0.8",
            "constraints": {
                "required": true,
                "minimum": 0,
                "maximum": 1
            }
        }
    ]
}